{
  "meta_title": "",
  "meta_description": "",
  "sections": [
    {
      "type": "banner-slider",
      "autoplay": 9000,
      "full_width": false,
      "slides": [
        {
          "img": "/img/uploads/rect89.webp",
          "link": "/headset",
          "alt": "Headset banner",
          "start": "2020-04-11T05:54:06.750Z",
          "end": "2020-12-31T03:00:00.000Z",
          "mobile_img": "/img/uploads/headphone.webp"
        },
        {
          "img": "/img/uploads/banner2.webp",
          "alt": "Banner sample two",
          "start": "",
          "end": "",
          "mobile_img": "/img/uploads/passion.webp"
        },
        {
          "start": "2022-03-11T18:49:08.782Z",
          "end": "2022-03-11T18:49:08.800Z",
          "img": "/img/uploads/tarja-aviso-navifree.png"
        }
      ]
    },
    {
      "type": "responsive-banner",
      "img": "/img/uploads/tarja-aviso-navifree.png"
    },
    {
      "type": "info-bar",
      "enabled": false
    },
    {
      "type": "collection-shelf",
      "shuffle": true,
      "collection_id": "62424fd82e405e04ff0671f2:categories:Satélite:/satelite/",
      "sort": "views",
      "title": "",
      "headless": false,
      "limit": 8,
      "page": 2
    },
    {
      "type": "collection-shelf",
      "shuffle": true,
      "limit": 4,
      "page": 2,
      "collection_id": "62424fdd2e405e04ff067204:categories:Receptor:/receptor/",
      "headless": false
    },
    {
      "type": "collection-shelf",
      "shuffle": false,
      "limit": 12,
      "page": 1,
      "collection_id": "62424fdc2e405e04ff0671ff:categories:IPTV:/iptv/"
    },
    {
      "type": "collection-shelf",
      "shuffle": false,
      "limit": 12,
      "page": 1,
      "collection_id": "62424fda2e405e04ff0671fa:categories:TV BOX :/tvbox/"
    }
  ]
}