{
  "sections": [
    {
      "type": "breadcrumbs",
      "enabled": true
    },
    {
      "type": "product-block",
      "enabled": true,
      "size_guide": {
        "image": "",
        "title": ""
      }
    },
    {
      "type": "product-description",
      "enabled": true
    },
    {
      "type": "product-specifications",
      "enabled": true
    },
    {
      "type": "info-bar",
      "enabled": true
    },
    {
      "type": "related-products",
      "title": "# Produtos relacionados"
    },
    {
      "type": "collection-shelf",
      "shuffle": true,
      "limit": 4,
      "page": 1
    }
  ]
}